Name,Day,Time_Brewed,Location_Consumed
Sybil,1,18:58,Living_Room
Sybil,2,17:08,Living_Room
Sybil,2,22:35,Bedroom
Sybil,3,19:05,Bedroom
Sybil,4,8:20,Kitchen
Sybil,4,23:56,Home_Office
Sybil,5,18:57,Dining_Area
Sybil,5,23:40,Home_Office
Sybil,6,10:42,Home_Office
Sybil,6,16:04,Living_Room
Sybil,7,8:11,Home_Office
Sybil,7,13:01,Dining_Area
Sybil,7,23:30,Dining_Area
Sybil,8,19:06,Dining_Area
Sybil,9,8:12,Living_Room
Sybil,9,23:33,Dining_Area
Sybil,10,19:20,Home_Office
Sybil,11,8:26,Home_Office
Sybil,12,8:07,Home_Office
Sybil,12,20:42,Home_Office
Sybil,13,9:11,Bedroom
Sybil,13,16:09,Living_Room
Sybil,13,21:45,Kitchen
Sybil,14,10:02,Kitchen
Sybil,14,16:09,Home_Office
Sybil,14,20:48,Home_Office
Sybil,15,8:23,Dining_Area
Sybil,16,8:17,Bedroom
Sybil,16,23:10,Bedroom
Sybil,17,19:00,Kitchen
Sybil,18,8:37,Living_Room
Sybil,18,21:41,Home_Office
Sybil,19,18:56,Kitchen
Sybil,20,9:32,Home_Office
Sybil,20,14:30,Bedroom
Sybil,20,21:08,Dining_Area
Sybil,21,9:39,Living_Room
Sybil,21,17:26,Home_Office
Sybil,22,8:19,Kitchen
Sybil,22,21:19,Bedroom
Sybil,23,18:17,Dining_Area
Sybil,24,18:03,Dining_Area
Sybil,25,17:21,Bedroom
Sybil,25,23:10,Dining_Area
Sybil,26,17:46,Dining_Area
Sybil,26,22:30,Kitchen
Sybil,27,9:24,Living_Room
Sybil,27,14:35,Bedroom
Sybil,27,19:21,Dining_Area
Sybil,27,23:40,Bedroom
Sybil,28,10:38,Living_Room
Sybil,28,18:30,Living_Room
Edith,1,9:04,Home_Office
Edith,1,21:08,Living_Room
Edith,2,6:45,Dining_Area
Edith,2,21:08,Kitchen
Edith,3,7:16,Dining_Area
Edith,3,19:21,Bedroom
Edith,3,23:14,Dining_Area
Edith,4,17:33,Bedroom
Edith,5,6:56,Living_Room
Edith,5,20:40,Dining_Area
Edith,6,7:57,Living_Room
Edith,6,14:19,Dining_Area
Edith,6,21:40,Dining_Area
Edith,7,7:50,Kitchen
Edith,7,14:34,Kitchen
Edith,7,17:42,Home_Office
Edith,7,21:34,Dining_Area
Edith,8,8:23,Bedroom
Edith,8,21:23,Living_Room
Edith,9,7:31,Living_Room
Edith,9,21:19,Dining_Area
Edith,10,8:23,Kitchen
Edith,11,7:03,Dining_Area
Edith,11,20:34,Dining_Area
Edith,12,7:48,Living_Room
Edith,12,21:09,Dining_Area
Edith,13,7:10,Home_Office
Edith,13,13:37,Bedroom
Edith,13,18:44,Kitchen
Edith,14,6:57,Bedroom
Edith,14,12:03,Home_Office
Edith,14,16:14,Bedroom
Edith,14,21:48,Living_Room
Edith,15,8:06,Dining_Area
Edith,15,21:33,Bedroom
Edith,16,7:13,Kitchen
Edith,16,21:44,Dining_Area
Edith,17,17:46,Dining_Area
Edith,17,21:18,Dining_Area
Edith,18,8:36,Bedroom
Edith,18,20:41,Living_Room
Edith,19,7:53,Living_Room
Edith,20,6:50,Living_Room
Edith,20,13:09,Kitchen
Edith,20,20:28,Dining_Area
Edith,21,6:56,Living_Room
Edith,21,12:28,Home_Office
Edith,21,15:18,Bedroom
Edith,21,21:16,Kitchen
Edith,22,7:47,Bedroom
Edith,22,22:25,Living_Room
Edith,23,8:20,Living_Room
Edith,24,6:42,Bedroom
Edith,24,21:18,Living_Room
Edith,25,6:55,Dining_Area
Edith,25,19:37,Kitchen
Edith,26,7:18,Home_Office
Edith,26,22:23,Bedroom
Edith,27,8:28,Home_Office
Edith,27,16:00,Kitchen
Edith,27,20:04,Kitchen
Edith,28,7:39,Bedroom
Edith,28,14:29,Home_Office
Edith,28,19:09,Living_Room
Edith,28,23:43,Home_Office
Sarah,1,8:28,Bedroom
Sarah,1,14:31,Living_Room
Sarah,2,6:28,Home_Office
Sarah,2,15:18,Home_Office
Sarah,2,18:12,Home_Office
Sarah,3,7:01,Home_Office
Sarah,3,13:12,Dining_Area
Sarah,4,6:05,Home_Office
Sarah,4,9:31,Dining_Area
Sarah,4,19:10,Dining_Area
Sarah,5,7:22,Dining_Area
Sarah,5,10:21,Kitchen
Sarah,5,14:49,Living_Room
Sarah,5,19:52,Kitchen
Sarah,6,7:13,Living_Room
Sarah,6,13:22,Dining_Area
Sarah,7,6:33,Bedroom
Sarah,7,11:40,Home_Office
Sarah,7,18:02,Home_Office
Sarah,8,8:20,Bedroom
Sarah,8,11:24,Living_Room
Sarah,8,16:59,Bedroom
Sarah,9,7:02,Bedroom
Sarah,9,16:24,Dining_Area
Sarah,10,7:36,Dining_Area
Sarah,10,13:56,Living_Room
Sarah,10,17:28,Home_Office
Sarah,11,7:34,Home_Office
Sarah,11,12:22,Living_Room
Sarah,11,15:54,Living_Room
Sarah,12,6:25,Dining_Area
Sarah,12,10:37,Home_Office
Sarah,12,15:29,Dining_Area
Sarah,12,19:51,Bedroom
Sarah,13,9:07,Home_Office
Sarah,13,16:39,Home_Office
Sarah,13,19:27,Home_Office
Sarah,14,7:13,Home_Office
Sarah,14,10:23,Dining_Area
Sarah,14,15:07,Bedroom
Sarah,15,6:11,Bedroom
Sarah,15,11:33,Bedroom
Sarah,15,14:34,Kitchen
Sarah,16,6:20,Dining_Area
Sarah,16,13:54,Dining_Area
Sarah,17,6:12,Home_Office
Sarah,17,10:12,Living_Room
Sarah,17,17:11,Dining_Area
Sarah,18,7:27,Home_Office
Sarah,18,11:44,Home_Office
Sarah,18,17:45,Home_Office
Sarah,19,7:12,Kitchen
Sarah,19,10:42,Kitchen
Sarah,19,15:52,Dining_Area
Sarah,20,8:44,Home_Office
Sarah,20,11:55,Living_Room
Sarah,20,18:19,Bedroom
Sarah,21,8:04,Kitchen
Sarah,21,13:19,Dining_Area
Sarah,21,18:36,Dining_Area
Sarah,22,8:10,Bedroom
Sarah,22,14:03,Dining_Area
Sarah,23,7:29,Home_Office
Sarah,23,12:46,Bedroom
Sarah,23,15:53,Bedroom
Sarah,24,7:11,Home_Office
Sarah,24,13:08,Dining_Area
Sarah,24,19:15,Dining_Area
Sarah,25,7:16,Kitchen
Sarah,25,14:22,Home_Office
Sarah,25,19:21,Living_Room
Sarah,26,7:28,Bedroom
Sarah,26,11:26,Dining_Area
Sarah,26,18:41,Dining_Area
Sarah,27,7:05,Living_Room
Sarah,27,11:15,Living_Room
Sarah,27,19:25,Living_Room
Sarah,28,7:29,Home_Office
Sarah,28,10:58,Living_Room
Sarah,28,17:14,Dining_Area
Anna,1,8:09,Kitchen
Anna,1,10:45,Home_Office
Anna,1,15:56,Bedroom
Anna,1,19:02,Home_Office
Anna,2,7:13,Dining_Area
Anna,2,11:56,Living_Room
Anna,2,16:48,Dining_Area
Anna,2,19:31,Living_Room
Anna,3,6:30,Home_Office
Anna,3,12:07,Living_Room
Anna,3,20:11,Bedroom
Anna,4,6:38,Bedroom
Anna,4,10:08,Living_Room
Anna,4,12:37,Kitchen
Anna,4,16:09,Kitchen
Anna,4,19:59,Bedroom
Anna,5,7:19,Kitchen
Anna,5,11:16,Dining_Area
Anna,5,14:05,Home_Office
Anna,5,18:52,Dining_Area
Anna,6,6:14,Bedroom
Anna,6,8:39,Kitchen
Anna,6,15:20,Home_Office
Anna,6,19:24,Dining_Area
Anna,7,7:46,Dining_Area
Anna,7,11:02,Bedroom
Anna,7,16:03,Dining_Area
Anna,7,21:14,Bedroom
Anna,8,8:32,Home_Office
Anna,8,13:16,Dining_Area
Anna,8,18:40,Dining_Area
Anna,8,21:12,Kitchen
Anna,9,8:12,Living_Room
Anna,9,14:59,Bedroom
Anna,9,18:01,Kitchen
Anna,10,6:02,Home_Office
Anna,10,11:57,Home_Office
Anna,10,16:49,Dining_Area
Anna,11,6:05,Home_Office
Anna,11,9:32,Dining_Area
Anna,11,14:22,Home_Office
Anna,11,16:50,Kitchen
Anna,12,6:27,Dining_Area
Anna,12,12:06,Home_Office
Anna,12,16:29,Bedroom
Anna,13,6:03,Bedroom
Anna,13,9:07,Home_Office
Anna,13,14:56,Bedroom
Anna,13,20:36,Dining_Area
Anna,14,7:14,Bedroom
Anna,14,10:02,Bedroom
Anna,14,15:04,Bedroom
Anna,15,6:40,Kitchen
Anna,15,11:36,Home_Office
Anna,15,15:27,Home_Office
Anna,15,19:58,Home_Office
Anna,16,7:48,Bedroom
Anna,16,15:02,Kitchen
Anna,16,18:09,Living_Room
Anna,17,6:45,Bedroom
Anna,17,9:36,Home_Office
Anna,17,13:48,Home_Office
Anna,17,18:19,Dining_Area
Anna,18,6:30,Home_Office
Anna,18,9:57,Bedroom
Anna,18,12:37,Home_Office
Anna,18,18:15,Living_Room
Anna,18,21:30,Dining_Area
Anna,19,8:52,Dining_Area
Anna,19,14:25,Home_Office
Anna,20,6:33,Home_Office
Anna,20,10:45,Home_Office
Anna,20,16:49,Dining_Area
Anna,21,6:20,Home_Office
Anna,21,13:24,Bedroom
Anna,21,18:38,Bedroom
Anna,21,21:06,Dining_Area
Anna,22,8:36,Home_Office
Anna,22,15:11,Home_Office
Anna,22,18:40,Home_Office
Anna,23,7:03,Dining_Area
Anna,23,11:51,Kitchen
Anna,23,15:07,Bedroom
Anna,23,19:13,Bedroom
Anna,24,7:41,Bedroom
Anna,24,10:15,Bedroom
Anna,24,14:00,Home_Office
Anna,24,20:09,Bedroom
Anna,25,8:12,Bedroom
Anna,25,15:15,Kitchen
Anna,25,17:40,Dining_Area
Anna,26,6:19,Bedroom
Anna,26,12:06,Dining_Area
Anna,26,16:26,Dining_Area
Anna,27,6:22,Dining_Area
Anna,27,9:13,Bedroom
Anna,27,13:29,Living_Room
Anna,27,19:33,Home_Office
Anna,28,7:09,Bedroom
Anna,28,12:46,Dining_Area
Anna,28,17:49,Bedroom
Anna,28,21:29,Living_Room
Elsie,1,11:17,Living_Room
Elsie,1,19:05,Kitchen
Elsie,2,9:43,Home_Office
Elsie,2,19:41,Home_Office
Elsie,3,12:31,Living_Room
Elsie,3,20:16,Living_Room
Elsie,4,11:04,Home_Office
Elsie,4,19:40,Dining_Area
Elsie,5,12:45,Home_Office
Elsie,5,20:51,Living_Room
Elsie,6,10:01,Living_Room
Elsie,6,19:31,Bedroom
Elsie,7,10:08,Bedroom
Elsie,7,18:34,Kitchen
Elsie,8,10:07,Living_Room
Elsie,8,19:06,Bedroom
Elsie,9,9:29,Home_Office
Elsie,9,18:42,Kitchen
Elsie,10,10:24,Living_Room
Elsie,11,7:22,Bedroom
Elsie,11,17:16,Living_Room
Elsie,12,10:08,Living_Room
Elsie,12,21:34,Living_Room
Elsie,13,10:08,Bedroom
Elsie,13,20:51,Living_Room
Elsie,14,10:15,Living_Room
Elsie,14,19:44,Home_Office
Elsie,15,9:52,Home_Office
Elsie,15,21:43,Bedroom
Elsie,16,11:52,Home_Office
Elsie,17,7:30,Living_Room
Elsie,17,18:37,Dining_Area
Elsie,18,10:36,Living_Room
Elsie,18,20:40,Bedroom
Elsie,19,10:10,Living_Room
Elsie,19,18:59,Living_Room
Elsie,20,11:55,Home_Office
Elsie,20,18:52,Bedroom
Elsie,21,11:56,Living_Room
Elsie,22,7:05,Kitchen
Elsie,22,17:21,Kitchen
Elsie,23,8:26,Home_Office
Elsie,23,18:10,Home_Office
Elsie,24,9:48,Kitchen
Elsie,24,19:07,Dining_Area
Elsie,25,9:49,Living_Room
Elsie,25,18:37,Home_Office
Elsie,26,11:30,Home_Office
Elsie,26,21:20,Dining_Area
Elsie,27,12:44,Kitchen
Elsie,28,7:02,Bedroom
Elsie,28,15:53,Living_Room
Gwen,1,18:23,Bedroom
Gwen,1,23:51,Home_Office
Gwen,2,8:49,Dining_Area
Gwen,2,21:50,Dining_Area
Gwen,3,17:19,Living_Room
Gwen,3,22:36,Living_Room
Gwen,4,7:51,Dining_Area
Gwen,4,23:19,Bedroom
Gwen,5,18:11,Living_Room
Gwen,6,8:43,Home_Office
Gwen,6,13:46,Kitchen
Gwen,6,20:11,Home_Office
Gwen,7,8:00,Bedroom
Gwen,7,11:35,Bedroom
Gwen,7,18:43,Kitchen
Gwen,7,23:23,Living_Room
Gwen,8,8:29,Kitchen
Gwen,9,6:52,Living_Room
Gwen,9,21:16,Home_Office
Gwen,10,7:16,Dining_Area
Gwen,10,19:34,Dining_Area
Gwen,11,7:51,Home_Office
Gwen,11,23:44,Bedroom
Gwen,12,17:23,Living_Room
Gwen,12,23:59,Kitchen
Gwen,13,9:41,Kitchen
Gwen,13,17:12,Home_Office
Gwen,13,21:18,Living_Room
Gwen,14,8:29,Bedroom
Gwen,14,14:01,Dining_Area
Gwen,14,22:25,Bedroom
Gwen,15,18:21,Home_Office
Gwen,15,22:27,Home_Office
Gwen,16,8:29,Bedroom
Gwen,16,23:02,Home_Office
Gwen,17,18:20,Dining_Area
Gwen,18,7:25,Living_Room
Gwen,19,7:02,Living_Room
Gwen,19,18:24,Living_Room
Gwen,19,22:20,Bedroom
Gwen,20,8:45,Kitchen
Gwen,20,12:51,Living_Room
Gwen,20,20:05,Kitchen
Gwen,21,7:33,Dining_Area
Gwen,21,12:27,Home_Office
Gwen,21,19:15,Home_Office
Gwen,22,7:45,Dining_Area
Gwen,22,22:23,Living_Room
Gwen,23,8:22,Home_Office
Gwen,23,20:12,Kitchen
Gwen,24,8:36,Living_Room
Gwen,24,23:08,Living_Room
Gwen,25,18:08,Bedroom
Gwen,25,23:07,Bedroom
Gwen,26,17:11,Dining_Area
Gwen,26,22:03,Home_Office
Gwen,27,8:14,Dining_Area
Gwen,27,14:21,Dining_Area
Gwen,27,17:50,Bedroom
Gwen,28,7:17,Dining_Area
Gwen,28,15:16,Dining_Area
Gwen,28,20:46,Kitchen
Janet,1,9:24,Dining_Area
Janet,1,14:07,Dining_Area
Janet,1,19:49,Dining_Area
Janet,2,7:48,Kitchen
Janet,2,13:01,Kitchen
Janet,2,18:42,Living_Room
Janet,3,7:46,Living_Room
Janet,3,15:16,Living_Room
Janet,3,22:37,Living_Room
Janet,4,7:38,Living_Room
Janet,4,12:05,Dining_Area
Janet,4,17:47,Dining_Area
Janet,4,22:20,Kitchen
Janet,5,8:29,Dining_Area
Janet,5,12:03,Kitchen
Janet,5,16:26,Kitchen
Janet,6,7:02,Living_Room
Janet,6,10:08,Living_Room
Janet,6,17:08,Home_Office
Janet,6,23:21,Living_Room
Janet,7,8:36,Living_Room
Janet,7,14:38,Dining_Area
Janet,7,18:55,Living_Room
Janet,8,7:22,Living_Room
Janet,8,10:11,Home_Office
Janet,8,16:40,Dining_Area
Janet,8,21:27,Kitchen
Janet,9,7:54,Dining_Area
Janet,9,15:58,Kitchen
Janet,9,19:53,Dining_Area
Janet,10,7:52,Home_Office
Janet,10,11:19,Home_Office
Janet,10,17:27,Bedroom
Janet,10,20:32,Dining_Area
Janet,11,8:08,Kitchen
Janet,11,15:28,Kitchen
Janet,11,19:31,Living_Room
Janet,11,22:44,Living_Room
Janet,12,9:13,Home_Office
Janet,12,15:31,Kitchen
Janet,12,20:20,Living_Room
Janet,13,8:24,Living_Room
Janet,13,13:00,Kitchen
Janet,13,16:18,Kitchen
Janet,14,7:19,Dining_Area
Janet,14,14:27,Dining_Area
Janet,14,23:11,Dining_Area
Janet,15,8:12,Kitchen
Janet,15,13:26,Kitchen
Janet,15,17:08,Living_Room
Janet,15,20:44,Living_Room
Janet,16,8:52,Living_Room
Janet,16,12:38,Kitchen
Janet,16,18:54,Living_Room
Janet,16,22:31,Kitchen
Janet,17,11:37,Kitchen
Janet,17,17:16,Living_Room
Janet,17,20:13,Bedroom
Janet,18,8:50,Living_Room
Janet,18,13:43,Dining_Area
Janet,18,20:24,Bedroom
Janet,19,7:47,Dining_Area
Janet,19,11:07,Kitchen
Janet,19,17:25,Home_Office
Janet,19,23:48,Dining_Area
Janet,20,9:15,Bedroom
Janet,20,14:37,Home_Office
Janet,20,18:12,Kitchen
Janet,21,8:08,Living_Room
Janet,21,12:38,Dining_Area
Janet,21,18:12,Home_Office
Janet,21,22:41,Living_Room
Janet,22,8:03,Dining_Area
Janet,22,13:45,Home_Office
Janet,22,17:04,Kitchen
Janet,22,22:55,Dining_Area
Janet,23,11:16,Living_Room
Janet,23,16:37,Dining_Area
Janet,23,21:22,Dining_Area
Janet,24,9:24,Kitchen
Janet,24,14:43,Bedroom
Janet,24,18:49,Bedroom
Janet,25,7:34,Dining_Area
Janet,25,11:08,Bedroom
Janet,25,16:04,Home_Office
Janet,25,21:14,Kitchen
Janet,26,8:26,Kitchen
Janet,26,14:09,Kitchen
Janet,26,20:26,Living_Room
Janet,27,8:03,Living_Room
Janet,27,13:08,Dining_Area
Janet,27,21:09,Living_Room
Janet,28,7:18,Kitchen
Janet,28,13:49,Bedroom
Janet,28,20:00,Living_Room
Daisy,1,12:15,Home_Office
Daisy,1,23:24,Home_Office
Daisy,2,11:29,Kitchen
Daisy,2,23:47,Living_Room
Daisy,3,11:39,Bedroom
Daisy,3,23:43,Kitchen
Daisy,4,11:49,Living_Room
Daisy,4,23:55,Dining_Area
Daisy,5,12:26,Living_Room
Daisy,6,8:16,Living_Room
Daisy,6,19:17,Dining_Area
Daisy,7,9:39,Bedroom
Daisy,7,17:59,Living_Room
Daisy,8,8:41,Kitchen
Daisy,8,19:03,Home_Office
Daisy,9,10:26,Living_Room
Daisy,9,17:39,Dining_Area
Daisy,10,9:19,Kitchen
Daisy,10,20:15,Home_Office
Daisy,11,10:34,Home_Office
Daisy,11,22:12,Home_Office
Daisy,12,12:23,Home_Office
Daisy,13,8:07,Home_Office
Daisy,13,15:02,Bedroom
Daisy,14,8:10,Dining_Area
Daisy,14,21:58,Dining_Area
Daisy,15,13:36,Living_Room
Daisy,15,22:36,Bedroom
Daisy,16,11:23,Bedroom
Daisy,16,20:39,Dining_Area
Daisy,17,11:57,Living_Room
Daisy,17,20:14,Kitchen
Daisy,18,11:02,Kitchen
Daisy,18,20:14,Living_Room
Daisy,19,9:50,Kitchen
Daisy,19,17:18,Home_Office
Daisy,20,9:06,Living_Room
Daisy,20,21:58,Dining_Area
Daisy,21,11:55,Kitchen
Daisy,21,23:49,Dining_Area
Daisy,22,12:31,Living_Room
Daisy,22,23:21,Kitchen
Daisy,23,11:14,Bedroom
Daisy,23,22:35,Bedroom
Daisy,24,11:46,Living_Room
Daisy,25,8:04,Living_Room
Daisy,25,19:02,Dining_Area
Daisy,26,10:30,Kitchen
Daisy,26,20:45,Dining_Area
Daisy,27,10:25,Living_Room
Daisy,27,20:19,Living_Room
Daisy,28,9:44,Kitchen
Daisy,28,17:42,Home_Office
Beryl,1,19:24,Dining_Area
Beryl,2,18:46,Kitchen
Beryl,3,7:55,Bedroom
Beryl,4,18:40,Dining_Area
Beryl,5,18:51,Bedroom
Beryl,6,8:06,Living_Room
Beryl,6,13:39,Dining_Area
Beryl,6,20:49,Bedroom
Beryl,7,8:32,Home_Office
Beryl,7,14:11,Dining_Area
Beryl,7,21:12,Kitchen
Beryl,8,18:09,Home_Office
Beryl,8,21:41,Home_Office
Beryl,9,20:59,Bedroom
Beryl,10,20:39,Home_Office
Beryl,11,18:54,Kitchen
Beryl,12,7:10,Bedroom
Beryl,13,9:42,Bedroom
Beryl,13,15:33,Home_Office
Beryl,13,21:20,Kitchen
Beryl,14,8:47,Kitchen
Beryl,14,18:13,Living_Room
Beryl,15,7:41,Bedroom
Beryl,16,19:00,Living_Room
Beryl,17,7:21,Bedroom
Beryl,17,21:32,Bedroom
Beryl,18,18:56,Bedroom
Beryl,19,7:50,Living_Room
Beryl,19,20:52,Bedroom
Beryl,20,9:31,Bedroom
Beryl,20,16:16,Home_Office
Beryl,20,20:52,Bedroom
Beryl,21,8:55,Living_Room
Beryl,21,15:32,Home_Office
Beryl,21,20:02,Living_Room
Beryl,22,18:08,Bedroom
Beryl,23,7:37,Bedroom
Beryl,23,21:38,Bedroom
Beryl,24,20:50,Bedroom
Beryl,25,20:00,Dining_Area
Beryl,26,20:15,Bedroom
Beryl,27,9:17,Living_Room
Beryl,27,16:20,Bedroom
Beryl,28,6:58,Bedroom
Beryl,28,14:24,Bedroom
Beryl,28,18:55,Dining_Area
Violet,2,5:30,Bedroom
Violet,3,7:42,Living_Room
Violet,4,18:51,Kitchen
Violet,6,5:15,Bedroom
Violet,6,14:44,Home_Office
Violet,7,7:56,Bedroom
Violet,7,17:29,Living_Room
Violet,8,18:50,Bedroom
Violet,10,5:17,Kitchen
Violet,11,7:39,Home_Office
Violet,12,18:16,Living_Room
Violet,13,9:04,Home_Office
Violet,13,19:04,Dining_Area
Violet,14,8:23,Bedroom
Violet,14,16:44,Living_Room
Violet,16,5:09,Living_Room
Violet,17,7:01,Dining_Area
Violet,18,7:58,Kitchen
Violet,20,5:25,Kitchen
Violet,20,14:01,Dining_Area
Violet,21,6:19,Kitchen
Violet,21,15:28,Bedroom
Violet,22,18:00,Bedroom
Violet,24,5:27,Home_Office
Violet,25,8:02,Living_Room
Violet,26,7:57,Kitchen
Violet,27,10:31,Kitchen
Violet,28,5:44,Home_Office
Violet,28,16:36,Bedroom
Isolbel,1,8:56,Home_Office
Isolbel,1,15:12,Bedroom
Isolbel,2,6:18,Living_Room
Isolbel,2,13:19,Living_Room
Isolbel,2,21:08,Living_Room
Isolbel,3,7:53,Home_Office
Isolbel,3,13:31,Dining_Area
Isolbel,3,20:43,Home_Office
Isolbel,4,7:09,Living_Room
Isolbel,4,11:55,Living_Room
Isolbel,4,17:51,Bedroom
Isolbel,5,7:06,Dining_Area
Isolbel,5,11:56,Dining_Area
Isolbel,5,22:10,Dining_Area
Isolbel,6,7:56,Living_Room
Isolbel,6,12:41,Home_Office
Isolbel,6,18:49,Kitchen
Isolbel,7,7:40,Kitchen
Isolbel,7,11:24,Home_Office
Isolbel,7,18:26,Bedroom
Isolbel,8,9:44,Dining_Area
Isolbel,8,14:02,Bedroom
Isolbel,8,19:19,Living_Room
Isolbel,9,7:06,Living_Room
Isolbel,9,14:43,Dining_Area
Isolbel,9,20:34,Bedroom
Isolbel,10,7:41,Kitchen
Isolbel,10,17:09,Home_Office
Isolbel,11,6:39,Kitchen
Isolbel,11,13:17,Living_Room
Isolbel,11,21:09,Dining_Area
Isolbel,12,9:03,Dining_Area
Isolbel,12,18:01,Living_Room
Isolbel,13,6:29,Dining_Area
Isolbel,13,11:06,Home_Office
Isolbel,13,15:41,Bedroom
Isolbel,13,21:56,Bedroom
Isolbel,14,9:05,Bedroom
Isolbel,14,15:49,Bedroom
Isolbel,15,7:09,Dining_Area
Isolbel,15,12:36,Home_Office
Isolbel,15,18:08,Dining_Area
Isolbel,16,7:31,Dining_Area
Isolbel,16,12:40,Bedroom
Isolbel,16,20:20,Home_Office
Isolbel,17,7:46,Home_Office
Isolbel,17,12:11,Dining_Area
Isolbel,17,19:38,Kitchen
Isolbel,18,6:28,Living_Room
Isolbel,18,12:33,Living_Room
Isolbel,18,20:58,Kitchen
Isolbel,19,7:37,Bedroom
Isolbel,19,14:14,Bedroom
Isolbel,19,22:01,Bedroom
Isolbel,20,7:54,Living_Room
Isolbel,20,13:56,Dining_Area
Isolbel,20,19:43,Bedroom
Isolbel,21,6:27,Dining_Area
Isolbel,21,14:59,Kitchen
Isolbel,21,20:50,Home_Office
Isolbel,22,9:13,Kitchen
Isolbel,22,13:58,Dining_Area
Isolbel,22,20:22,Dining_Area
Isolbel,23,7:41,Dining_Area
Isolbel,23,14:37,Bedroom
Isolbel,23,22:17,Home_Office
Isolbel,24,8:44,Dining_Area
Isolbel,24,16:51,Dining_Area
Isolbel,24,22:15,Home_Office
Isolbel,25,9:02,Dining_Area
Isolbel,25,14:49,Kitchen
Isolbel,26,6:03,Kitchen
Isolbel,26,13:48,Bedroom
Isolbel,26,20:21,Dining_Area
Isolbel,27,8:18,Dining_Area
Isolbel,27,17:21,Dining_Area
Isolbel,28,6:05,Kitchen
Isolbel,28,14:37,Home_Office
Isolbel,28,19:51,Bedroom
Ethel,1,18:12,Bedroom
Ethel,1,22:45,Living_Room
Ethel,2,18:17,Kitchen
Ethel,2,22:17,Bedroom
Ethel,3,18:06,Living_Room
Ethel,4,7:45,Bedroom
Ethel,5,7:58,Living_Room
Ethel,5,20:25,Home_Office
Ethel,6,8:49,Dining_Area
Ethel,6,15:22,Bedroom
Ethel,6,20:34,Kitchen
Ethel,7,9:25,Home_Office
Ethel,7,18:46,Kitchen
Ethel,8,8:23,Kitchen
Ethel,9,17:13,Dining_Area
Ethel,10,7:51,Living_Room
Ethel,10,21:50,Living_Room
Ethel,11,8:38,Kitchen
Ethel,11,21:08,Kitchen
Ethel,12,18:02,Dining_Area
Ethel,13,7:45,Bedroom
Ethel,13,14:13,Dining_Area
Ethel,13,19:09,Kitchen
Ethel,14,8:34,Dining_Area
Ethel,14,13:05,Living_Room
Ethel,14,17:17,Dining_Area
Ethel,14,20:53,Home_Office
Ethel,15,19:50,Kitchen
Ethel,16,8:15,Bedroom
Ethel,16,21:24,Home_Office
Ethel,17,18:29,Dining_Area
Ethel,18,7:48,Home_Office
Ethel,18,20:32,Dining_Area
Ethel,19,17:25,Kitchen
Ethel,19,22:02,Kitchen
Ethel,20,9:23,Living_Room
Ethel,20,16:30,Home_Office
Ethel,20,20:01,Dining_Area
Ethel,21,8:03,Home_Office
Ethel,21,14:59,Kitchen
Ethel,21,19:42,Kitchen
Ethel,21,23:40,Dining_Area
Ethel,22,19:15,Kitchen
Ethel,23,8:13,Kitchen
Ethel,23,23:15,Living_Room
Ethel,24,19:39,Dining_Area
Ethel,25,7:47,Home_Office
Ethel,25,19:59,Bedroom
Ethel,26,17:43,Kitchen
Ethel,26,23:32,Living_Room
Ethel,27,9:41,Dining_Area
Ethel,27,17:48,Kitchen
Ethel,27,23:46,Bedroom
Ethel,28,9:09,Home_Office
Ethel,28,12:38,Bedroom
Ethel,28,15:40,Kitchen
Ethel,28,22:02,Dining_Area
Rose,1,10:18,Dining_Area
Rose,1,19:07,Kitchen
Rose,2,10:53,Dining_Area
Rose,3,8:03,Living_Room
Rose,3,14:43,Home_Office
Rose,4,7:15,Bedroom
Rose,4,19:18,Dining_Area
Rose,5,9:09,Dining_Area
Rose,5,16:22,Dining_Area
Rose,6,7:36,Kitchen
Rose,6,15:40,Kitchen
Rose,7,7:51,Living_Room
Rose,7,16:33,Living_Room
Rose,8,8:19,Bedroom
Rose,8,16:54,Dining_Area
Rose,9,7:47,Living_Room
Rose,10,6:06,Home_Office
Rose,10,15:42,Kitchen
Rose,11,7:45,Dining_Area
Rose,12,6:18,Kitchen
Rose,12,15:59,Dining_Area
Rose,13,8:05,Bedroom
Rose,13,16:37,Dining_Area
Rose,14,8:54,Living_Room
Rose,14,18:13,Bedroom
Rose,15,8:47,Living_Room
Rose,15,15:11,Dining_Area
Rose,16,7:24,Home_Office
Rose,16,19:53,Bedroom
Rose,17,10:50,Kitchen
Rose,18,6:46,Dining_Area
Rose,18,14:33,Home_Office
Rose,19,7:29,Home_Office
Rose,19,15:10,Bedroom
Rose,20,9:05,Dining_Area
Rose,20,17:02,Bedroom
Rose,21,8:50,Bedroom
Rose,22,6:09,Kitchen
Rose,22,18:02,Home_Office
Rose,23,9:24,Living_Room
Rose,23,16:08,Dining_Area
Rose,24,7:44,Kitchen
Rose,24,17:45,Kitchen
Rose,25,9:22,Kitchen
Rose,25,19:07,Kitchen
Rose,26,9:07,Dining_Area
Rose,27,6:42,Home_Office
Rose,27,16:39,Bedroom
Rose,28,9:19,Bedroom
Ivy,2,6:04,Dining_Area
Ivy,3,7:53,Dining_Area
Ivy,4,18:22,Bedroom
Ivy,5,19:23,Bedroom
Ivy,6,9:29,Home_Office
Ivy,6,19:18,Home_Office
Ivy,7,10:42,Home_Office
Ivy,7,19:00,Dining_Area
Ivy,8,19:34,Dining_Area
Ivy,10,6:23,Dining_Area
Ivy,11,19:35,Dining_Area
Ivy,12,20:50,Dining_Area
Ivy,13,11:47,Bedroom
Ivy,14,6:45,Bedroom
Ivy,15,6:20,Home_Office
Ivy,16,18:01,Dining_Area
Ivy,17,20:23,Bedroom
Ivy,19,6:26,Home_Office
Ivy,20,8:40,Living_Room
Ivy,20,19:55,Living_Room
Ivy,21,11:12,Bedroom
Ivy,22,6:43,Bedroom
Ivy,23,19:29,Bedroom
Ivy,24,18:58,Dining_Area
Ivy,25,19:16,Dining_Area
Ivy,26,20:07,Dining_Area
Ivy,27,9:29,Home_Office
Ivy,28,6:38,Home_Office
Ivy,28,17:18,Dining_Area
Phyllis,1,11:51,Dining_Area
Phyllis,1,17:30,Home_Office
Phyllis,2,9:16,Dining_Area
Phyllis,2,14:43,Dining_Area
Phyllis,2,20:19,Home_Office
Phyllis,3,9:51,Bedroom
Phyllis,3,15:49,Kitchen
Phyllis,3,20:12,Living_Room
Phyllis,4,10:58,Dining_Area
Phyllis,4,14:49,Living_Room
Phyllis,4,19:08,Home_Office
Phyllis,5,9:47,Living_Room
Phyllis,5,21:55,Home_Office
Phyllis,6,16:02,Living_Room
Phyllis,6,19:57,Bedroom
Phyllis,7,9:37,Living_Room
Phyllis,7,21:17,Living_Room
Phyllis,8,9:38,Dining_Area
Phyllis,8,19:37,Dining_Area
Phyllis,9,10:20,Living_Room
Phyllis,9,15:54,Living_Room
Phyllis,9,20:57,Living_Room
Phyllis,10,10:14,Living_Room
Phyllis,10,18:27,Bedroom
Phyllis,10,23:26,Kitchen
Phyllis,11,11:21,Bedroom
Phyllis,11,21:00,Bedroom
Phyllis,12,9:45,Living_Room
Phyllis,12,22:20,Living_Room
Phyllis,13,15:18,Dining_Area
Phyllis,13,20:34,Home_Office
Phyllis,14,14:30,Bedroom
Phyllis,14,21:44,Home_Office
Phyllis,15,10:35,Living_Room
Phyllis,15,15:48,Living_Room
Phyllis,15,22:37,Living_Room
Phyllis,16,11:49,Living_Room
Phyllis,16,16:40,Kitchen
Phyllis,16,21:05,Kitchen
Phyllis,17,14:08,Bedroom
Phyllis,17,18:25,Dining_Area
Phyllis,18,10:04,Kitchen
Phyllis,18,18:30,Dining_Area
Phyllis,19,15:21,Home_Office
Phyllis,19,18:56,Living_Room
Phyllis,19,23:06,Home_Office
Phyllis,20,19:28,Bedroom
Phyllis,21,9:46,Dining_Area
Phyllis,21,20:11,Bedroom
Phyllis,22,10:07,Home_Office
Phyllis,22,15:19,Home_Office
Phyllis,23,9:07,Bedroom
Phyllis,23,13:37,Dining_Area
Phyllis,23,20:08,Home_Office
Phyllis,24,9:38,Dining_Area
Phyllis,24,15:22,Kitchen
Phyllis,24,23:04,Living_Room
Phyllis,25,10:33,Living_Room
Phyllis,25,18:10,Bedroom
Phyllis,26,9:21,Kitchen
Phyllis,26,20:29,Kitchen
Phyllis,27,9:26,Dining_Area
Phyllis,27,20:15,Home_Office
Phyllis,28,9:42,Bedroom
Phyllis,28,22:13,Home_Office
Maud,1,19:50,Dining_Area
Maud,2,19:52,Living_Room
Maud,3,19:03,Bedroom
Maud,4,18:09,Living_Room
Maud,5,18:36,Dining_Area
Maud,6,9:30,Kitchen
Maud,6,16:51,Living_Room
Maud,7,8:11,Dining_Area
Maud,7,17:39,Living_Room
Maud,8,18:24,Living_Room
Maud,9,19:28,Dining_Area
Maud,10,8:38,Living_Room
Maud,11,20:24,Living_Room
Maud,12,19:53,Living_Room
Maud,13,9:17,Living_Room
Maud,13,16:21,Home_Office
Maud,14,8:51,Kitchen
Maud,14,15:03,Dining_Area
Maud,14,19:57,Kitchen
Maud,15,19:54,Home_Office
Maud,16,19:07,Kitchen
Maud,17,19:41,Bedroom
Maud,18,18:28,Dining_Area
Maud,19,19:58,Bedroom
Maud,20,9:51,Living_Room
Maud,20,20:14,Kitchen
Maud,21,9:24,Home_Office
Maud,21,17:52,Bedroom
Maud,22,18:19,Home_Office
Maud,23,19:19,Bedroom
Maud,24,18:34,Home_Office
Maud,25,8:23,Living_Room
Maud,26,17:58,Bedroom
Maud,27,9:06,Dining_Area
Maud,27,15:01,Bedroom
Maud,28,7:57,Dining_Area
Maud,28,15:00,Bedroom
Maud,28,20:43,Living_Room
Rosamund,1,10:50,Home_Office
Rosamund,1,20:25,Home_Office
Rosamund,2,9:47,Kitchen
Rosamund,2,19:31,Dining_Area
Rosamund,3,7:55,Kitchen
Rosamund,3,16:21,Kitchen
Rosamund,4,7:35,Kitchen
Rosamund,4,16:41,Dining_Area
Rosamund,5,7:19,Kitchen
Rosamund,5,19:41,Living_Room
Rosamund,6,8:45,Kitchen
Rosamund,6,17:38,Living_Room
Rosamund,7,9:40,Living_Room
Rosamund,7,15:43,Home_Office
Rosamund,8,7:02,Dining_Area
Rosamund,8,15:39,Dining_Area
Rosamund,8,22:27,Living_Room
Rosamund,9,10:43,Bedroom
Rosamund,9,22:03,Home_Office
Rosamund,10,10:38,Kitchen
Rosamund,10,17:21,Living_Room
Rosamund,11,8:29,Home_Office
Rosamund,11,16:23,Dining_Area
Rosamund,12,7:57,Kitchen
Rosamund,12,20:31,Kitchen
Rosamund,13,11:54,Bedroom
Rosamund,13,20:29,Bedroom
Rosamund,14,8:47,Kitchen
Rosamund,14,18:55,Home_Office
Rosamund,15,7:57,Bedroom
Rosamund,15,14:43,Living_Room
Rosamund,16,7:49,Home_Office
Rosamund,16,18:53,Kitchen
Rosamund,17,9:01,Home_Office
Rosamund,17,15:55,Home_Office
Rosamund,18,7:12,Living_Room
Rosamund,18,17:59,Home_Office
Rosamund,19,8:47,Bedroom
Rosamund,19,17:34,Bedroom
Rosamund,20,9:29,Living_Room
Rosamund,20,17:47,Living_Room
Rosamund,21,8:32,Dining_Area
Rosamund,21,18:17,Bedroom
Rosamund,22,7:44,Dining_Area
Rosamund,22,18:51,Home_Office
Rosamund,23,7:42,Home_Office
Rosamund,23,16:49,Bedroom
Rosamund,24,7:42,Kitchen
Rosamund,24,17:59,Dining_Area
Rosamund,25,8:04,Kitchen
Rosamund,25,20:56,Bedroom
Rosamund,26,8:49,Bedroom
Rosamund,26,16:11,Kitchen
Rosamund,27,8:02,Dining_Area
Rosamund,27,17:03,Dining_Area
Rosamund,28,7:17,Kitchen
Rosamund,28,20:19,Dining_Area
Lavinia,1,13:01,Dining_Area
Lavinia,1,23:17,Bedroom
Lavinia,2,18:13,Bedroom
Lavinia,3,10:52,Dining_Area
Lavinia,3,21:33,Kitchen
Lavinia,4,12:06,Home_Office
Lavinia,5,10:21,Kitchen
Lavinia,5,17:25,Living_Room
Lavinia,6,10:26,Bedroom
Lavinia,6,18:55,Bedroom
Lavinia,7,9:34,Home_Office
Lavinia,7,22:11,Living_Room
Lavinia,8,11:53,Bedroom
Lavinia,8,20:27,Home_Office
Lavinia,9,10:53,Dining_Area
Lavinia,10,10:21,Bedroom
Lavinia,10,20:47,Living_Room
Lavinia,11,10:47,Home_Office
Lavinia,11,23:15,Home_Office
Lavinia,12,12:02,Bedroom
Lavinia,13,9:21,Bedroom
Lavinia,13,17:25,Bedroom
Lavinia,14,10:00,Living_Room
Lavinia,14,20:54,Home_Office
Lavinia,15,11:33,Living_Room
Lavinia,15,21:23,Home_Office
Lavinia,16,17:36,Living_Room
Lavinia,17,9:34,Living_Room
Lavinia,17,15:52,Bedroom
Lavinia,17,23:26,Living_Room
Lavinia,18,17:58,Home_Office
Lavinia,19,11:19,Home_Office
Lavinia,19,23:09,Home_Office
Lavinia,20,12:24,Kitchen
Lavinia,21,9:35,Bedroom
Lavinia,21,21:17,Living_Room
Lavinia,22,12:22,Living_Room
Lavinia,22,20:55,Bedroom
Lavinia,23,11:22,Dining_Area
Lavinia,24,10:46,Home_Office
Lavinia,24,19:20,Living_Room
Lavinia,25,10:41,Dining_Area
Lavinia,25,22:18,Bedroom
Lavinia,26,11:46,Bedroom
Lavinia,26,22:05,Bedroom
Lavinia,27,12:15,Bedroom
Lavinia,27,22:00,Home_Office
Lavinia,28,18:34,Living_Room
Edith,1,8:26,Dining_Area
Edith,1,15:18,Bedroom
Edith,2,5:14,Kitchen
Edith,2,12:56,Living_Room
Edith,3,5:08,Dining_Area
Edith,4,5:01,Bedroom
Edith,4,18:15,Kitchen
Edith,5,9:13,Dining_Area
Edith,5,14:58,Kitchen
Edith,6,5:36,Bedroom
Edith,6,17:50,Bedroom
Edith,7,6:54,Bedroom
Edith,7,16:24,Living_Room
Edith,8,6:25,Home_Office
Edith,8,15:27,Kitchen
Edith,9,4:56,Dining_Area
Edith,9,13:36,Home_Office
Edith,9,20:14,Dining_Area
Edith,10,18:40,Bedroom
Edith,11,6:43,Home_Office
Edith,12,6:00,Home_Office
Edith,12,15:08,Dining_Area
Edith,13,5:08,Bedroom
Edith,13,10:58,Living_Room
Edith,13,18:21,Home_Office
Edith,14,7:36,Kitchen
Edith,14,17:12,Bedroom
Edith,15,5:57,Home_Office
Edith,15,12:05,Bedroom
Edith,16,6:27,Kitchen
Edith,16,14:47,Home_Office
Edith,17,5:00,Dining_Area
Edith,18,5:41,Living_Room
Edith,19,5:07,Home_Office
Edith,19,12:06,Kitchen
Edith,20,4:51,Dining_Area
Edith,20,10:54,Bedroom
Edith,20,16:45,Home_Office
Edith,21,5:34,Kitchen
Edith,21,14:54,Dining_Area
Edith,22,5:21,Bedroom
Edith,22,12:53,Kitchen
Edith,22,20:01,Living_Room
Edith,23,9:00,Bedroom
Edith,23,16:20,Dining_Area
Edith,24,6:14,Kitchen
Edith,25,5:24,Bedroom
Edith,26,5:36,Home_Office
Edith,26,13:25,Dining_Area
Edith,27,6:19,Bedroom
Edith,27,15:08,Dining_Area
Edith,28,6:19,Home_Office
Edith,28,13:22,Home_Office
Jane,1,8:45,Kitchen
Jane,1,21:46,Bedroom
Jane,2,8:19,Home_Office
Jane,2,21:59,Bedroom
Jane,3,7:13,Home_Office
Jane,3,20:31,Kitchen
Jane,4,6:42,Living_Room
Jane,5,5:42,Home_Office
Jane,6,5:34,Dining_Area
Jane,6,11:35,Home_Office
Jane,6,19:26,Kitchen
Jane,7,6:19,Kitchen
Jane,7,16:49,Living_Room
Jane,8,6:36,Dining_Area
Jane,8,21:05,Kitchen
Jane,9,7:51,Living_Room
Jane,10,6:01,Dining_Area
Jane,10,23:10,Living_Room
Jane,11,8:08,Home_Office
Jane,11,22:35,Living_Room
Jane,12,7:31,Living_Room
Jane,13,7:04,Home_Office
Jane,13,16:04,Home_Office
Jane,14,5:49,Bedroom
Jane,14,13:07,Kitchen
Jane,14,18:02,Kitchen
Jane,15,7:05,Living_Room
Jane,15,22:07,Home_Office
Jane,16,7:06,Home_Office
Jane,16,21:44,Bedroom
Jane,17,8:07,Kitchen
Jane,17,22:09,Kitchen
Jane,18,17:56,Home_Office
Jane,19,7:39,Dining_Area
Jane,20,6:13,Home_Office
Jane,20,11:18,Kitchen
Jane,20,18:02,Home_Office
Jane,20,22:28,Dining_Area
Jane,21,8:35,Home_Office
Jane,21,13:20,Kitchen
Jane,21,19:31,Dining_Area
Jane,22,6:00,Dining_Area
Jane,22,22:26,Kitchen
Jane,23,8:13,Home_Office
Jane,24,6:12,Home_Office
Jane,24,23:20,Bedroom
Jane,25,7:21,Bedroom
Jane,25,21:51,Bedroom
Jane,26,7:54,Bedroom
Jane,27,5:37,Living_Room
Jane,27,12:00,Dining_Area
Jane,27,20:53,Kitchen
Jane,28,7:08,Home_Office
Jane,28,15:47,Bedroom
